file_id,algorithm,project_name,MCC,f1_M,f1_A,is_new_or_old
Eclipse_new_0,ibea_new,Eclipse,0.650356864,0.956953285,0.65514261,new
Eclipse_new_0,DT_new,Eclipse,0.474,0.904,0.553,new
Eclipse_new_0,RF_new,Eclipse,0.652,0.957,0.662,new
Eclipse_new_0,LR_new,Eclipse,0.446,0.9,0.53,new
Eclipse_new_0,LGBM_new,Eclipse,0.527,0.928,0.598,new
Eclipse_new_0,ET_new,Eclipse,0.655,0.957,0.663,new
Eclipse_new_0,ibea_new,Eclipse,0.643864474,0.956079619,0.656514382,new
Eclipse_new_0,DT_new,Eclipse,0.474,0.904,0.553,new
Eclipse_new_0,RF_new,Eclipse,0.653,0.957,0.662,new
Eclipse_new_0,LR_new,Eclipse,0.446,0.9,0.53,new
Eclipse_new_0,LGBM_new,Eclipse,0.527,0.928,0.598,new
Eclipse_new_0,ET_new,Eclipse,0.655,0.957,0.663,new
Eclipse_new_0,ibea_new,Eclipse,0.642162337,0.956128059,0.645778938,new
Eclipse_new_0,DT_new,Eclipse,0.476,0.904,0.555,new
Eclipse_new_0,RF_new,Eclipse,0.652,0.957,0.662,new
Eclipse_new_0,LR_new,Eclipse,0.446,0.9,0.53,new
Eclipse_new_0,LGBM_new,Eclipse,0.527,0.928,0.598,new
Eclipse_new_0,ET_new,Eclipse,0.655,0.957,0.663,new
Eclipse_new_0,ibea_new,Eclipse,0.646516589,0.95645597,0.655849701,new
Eclipse_new_0,DT_new,Eclipse,0.476,0.904,0.555,new
Eclipse_new_0,RF_new,Eclipse,0.653,0.957,0.663,new
Eclipse_new_0,LR_new,Eclipse,0.446,0.9,0.53,new
Eclipse_new_0,LGBM_new,Eclipse,0.527,0.928,0.598,new
Eclipse_new_0,ET_new,Eclipse,0.655,0.957,0.663,new
Eclipse_new_0,ibea_new,Eclipse,0.654451166,0.957348019,0.660944206,new
Eclipse_new_0,DT_new,Eclipse,0.476,0.904,0.555,new
Eclipse_new_0,RF_new,Eclipse,0.652,0.957,0.662,new
Eclipse_new_0,LR_new,Eclipse,0.446,0.9,0.53,new
Eclipse_new_0,LGBM_new,Eclipse,0.527,0.928,0.598,new
Eclipse_new_0,ET_new,Eclipse,0.655,0.957,0.663,new
Eclipse_new_1,ibea_new,Eclipse,0.588299162,0.952688172,0.608540925,new
Eclipse_new_1,DT_new,Eclipse,0.488,0.927,0.559,new
Eclipse_new_1,RF_new,Eclipse,0.584,0.952,0.607,new
Eclipse_new_1,LR_new,Eclipse,0.376,0.881,0.467,new
Eclipse_new_1,LGBM_new,Eclipse,0.494,0.926,0.565,new
Eclipse_new_1,ET_new,Eclipse,0.585,0.952,0.608,new
Eclipse_new_1,ibea_new,Eclipse,0.584630162,0.952391188,0.604110813,new
Eclipse_new_1,DT_new,Eclipse,0.488,0.927,0.559,new
Eclipse_new_1,RF_new,Eclipse,0.583,0.952,0.607,new
Eclipse_new_1,LR_new,Eclipse,0.376,0.881,0.467,new
Eclipse_new_1,LGBM_new,Eclipse,0.494,0.926,0.565,new
Eclipse_new_1,ET_new,Eclipse,0.58,0.952,0.604,new
Eclipse_new_1,ibea_new,Eclipse,0.578409473,0.951746373,0.598748883,new
Eclipse_new_1,DT_new,Eclipse,0.488,0.927,0.559,new
Eclipse_new_1,RF_new,Eclipse,0.58,0.952,0.603,new
Eclipse_new_1,LR_new,Eclipse,0.376,0.881,0.467,new
Eclipse_new_1,LGBM_new,Eclipse,0.494,0.926,0.565,new
Eclipse_new_1,ET_new,Eclipse,0.582,0.952,0.605,new
Eclipse_new_1,ibea_new,Eclipse,0.582112387,0.952043011,0.603202847,new
Eclipse_new_1,DT_new,Eclipse,0.488,0.927,0.559,new
Eclipse_new_1,RF_new,Eclipse,0.586,0.952,0.609,new
Eclipse_new_1,LR_new,Eclipse,0.376,0.881,0.467,new
Eclipse_new_1,LGBM_new,Eclipse,0.494,0.926,0.565,new
Eclipse_new_1,ET_new,Eclipse,0.584,0.952,0.607,new
Eclipse_new_1,ibea_new,Eclipse,0.598242295,0.951760104,0.636065574,new
Eclipse_new_1,DT_new,Eclipse,0.488,0.927,0.559,new
Eclipse_new_1,RF_new,Eclipse,0.585,0.952,0.608,new
Eclipse_new_1,LR_new,Eclipse,0.376,0.881,0.467,new
Eclipse_new_1,LGBM_new,Eclipse,0.494,0.926,0.565,new
Eclipse_new_1,ET_new,Eclipse,0.582,0.952,0.606,new
Eclipse_new_2,ibea_new,Eclipse,0.603481181,0.954169797,0.61496844,new
Eclipse_new_2,DT_new,Eclipse,0.449,0.914,0.529,new
Eclipse_new_2,RF_new,Eclipse,0.607,0.954,0.622,new
Eclipse_new_2,LR_new,Eclipse,0.409,0.897,0.495,new
Eclipse_new_2,LGBM_new,Eclipse,0.508,0.931,0.577,new
Eclipse_new_2,ET_new,Eclipse,0.606,0.954,0.621,new
Eclipse_new_2,ibea_new,Eclipse,0.591505526,0.952524491,0.612137203,new
Eclipse_new_2,DT_new,Eclipse,0.449,0.914,0.529,new
Eclipse_new_2,RF_new,Eclipse,0.609,0.955,0.623,new
Eclipse_new_2,LR_new,Eclipse,0.409,0.897,0.495,new
Eclipse_new_2,LGBM_new,Eclipse,0.508,0.931,0.577,new
Eclipse_new_2,ET_new,Eclipse,0.608,0.954,0.623,new
Eclipse_new_2,ibea_new,Eclipse,0.602649466,0.953875927,0.618666667,new
Eclipse_new_2,DT_new,Eclipse,0.449,0.914,0.529,new
Eclipse_new_2,RF_new,Eclipse,0.607,0.954,0.622,new
Eclipse_new_2,LR_new,Eclipse,0.409,0.897,0.495,new
Eclipse_new_2,LGBM_new,Eclipse,0.508,0.931,0.577,new
Eclipse_new_2,ET_new,Eclipse,0.607,0.954,0.622,new
Eclipse_new_2,ibea_new,Eclipse,0.598840471,0.953770246,0.609247507,new
Eclipse_new_2,DT_new,Eclipse,0.449,0.914,0.529,new
Eclipse_new_2,RF_new,Eclipse,0.61,0.955,0.624,new
Eclipse_new_2,LR_new,Eclipse,0.409,0.897,0.495,new
Eclipse_new_2,LGBM_new,Eclipse,0.508,0.931,0.577,new
Eclipse_new_2,ET_new,Eclipse,0.608,0.954,0.623,new
Eclipse_new_2,ibea_new,Eclipse,0.594654654,0.952688867,0.617262424,new
Eclipse_new_2,DT_new,Eclipse,0.449,0.914,0.529,new
Eclipse_new_2,RF_new,Eclipse,0.606,0.954,0.621,new
Eclipse_new_2,LR_new,Eclipse,0.409,0.897,0.495,new
Eclipse_new_2,LGBM_new,Eclipse,0.508,0.931,0.577,new
Eclipse_new_2,ET_new,Eclipse,0.609,0.955,0.624,new
Eclipse_new_3,ibea_new,Eclipse,0.607519015,0.956110155,0.638938053,new
Eclipse_new_3,DT_new,Eclipse,0.473,0.921,0.544,new
Eclipse_new_3,RF_new,Eclipse,0.61,0.957,0.637,new
Eclipse_new_3,LR_new,Eclipse,0.437,0.908,0.512,new
Eclipse_new_3,LGBM_new,Eclipse,0.548,0.941,0.607,new
Eclipse_new_3,ET_new,Eclipse,0.613,0.957,0.638,new
Eclipse_new_3,ibea_new,Eclipse,0.608219908,0.956362855,0.638146168,new
Eclipse_new_3,DT_new,Eclipse,0.473,0.921,0.544,new
Eclipse_new_3,RF_new,Eclipse,0.61,0.957,0.637,new
Eclipse_new_3,LR_new,Eclipse,0.437,0.908,0.512,new
Eclipse_new_3,LGBM_new,Eclipse,0.548,0.941,0.607,new
Eclipse_new_3,ET_new,Eclipse,0.611,0.957,0.636,new
Eclipse_new_3,ibea_new,Eclipse,0.605671825,0.956026234,0.636444444,new
Eclipse_new_3,DT_new,Eclipse,0.473,0.921,0.544,new
Eclipse_new_3,RF_new,Eclipse,0.61,0.957,0.637,new
Eclipse_new_3,LR_new,Eclipse,0.437,0.908,0.512,new
Eclipse_new_3,LGBM_new,Eclipse,0.548,0.941,0.607,new
Eclipse_new_3,ET_new,Eclipse,0.61,0.957,0.636,new
Eclipse_new_3,ibea_new,Eclipse,0.608359355,0.956222437,0.639503986,new
Eclipse_new_3,DT_new,Eclipse,0.473,0.921,0.544,new
Eclipse_new_3,RF_new,Eclipse,0.61,0.957,0.638,new
Eclipse_new_3,LR_new,Eclipse,0.437,0.908,0.512,new
Eclipse_new_3,LGBM_new,Eclipse,0.548,0.941,0.607,new
Eclipse_new_3,ET_new,Eclipse,0.612,0.957,0.636,new
Eclipse_new_3,ibea_new,Eclipse,0.607183492,0.956119596,0.638297872,new
Eclipse_new_3,DT_new,Eclipse,0.473,0.921,0.544,new
Eclipse_new_3,RF_new,Eclipse,0.61,0.957,0.637,new
Eclipse_new_3,LR_new,Eclipse,0.437,0.908,0.512,new
Eclipse_new_3,LGBM_new,Eclipse,0.548,0.941,0.607,new
Eclipse_new_3,ET_new,Eclipse,0.613,0.957,0.638,new
Eclipse_new_4,ibea_new,Eclipse,0.562021818,0.955757832,0.572597137,new
Eclipse_new_4,DT_new,Eclipse,0.418,0.924,0.492,new
Eclipse_new_4,RF_new,Eclipse,0.569,0.957,0.573,new
Eclipse_new_4,LR_new,Eclipse,0.389,0.908,0.469,new
Eclipse_new_4,LGBM_new,Eclipse,0.503,0.939,0.564,new
Eclipse_new_4,ET_new,Eclipse,0.57,0.957,0.576,new
Eclipse_new_4,ibea_new,Eclipse,0.566217894,0.956199746,0.574948665,new
Eclipse_new_4,DT_new,Eclipse,0.418,0.924,0.492,new
Eclipse_new_4,RF_new,Eclipse,0.57,0.957,0.574,new
Eclipse_new_4,LR_new,Eclipse,0.389,0.908,0.469,new
Eclipse_new_4,LGBM_new,Eclipse,0.503,0.939,0.564,new
Eclipse_new_4,ET_new,Eclipse,0.568,0.956,0.574,new
Eclipse_new_4,ibea_new,Eclipse,0.567792734,0.956291671,0.57727738,new
Eclipse_new_4,DT_new,Eclipse,0.418,0.924,0.492,new
Eclipse_new_4,RF_new,Eclipse,0.569,0.957,0.573,new
Eclipse_new_4,LR_new,Eclipse,0.389,0.908,0.469,new
Eclipse_new_4,LGBM_new,Eclipse,0.503,0.939,0.564,new
Eclipse_new_4,ET_new,Eclipse,0.569,0.957,0.575,new
Eclipse_new_4,ibea_new,Eclipse,0.566478737,0.956190476,0.575819672,new
Eclipse_new_4,DT_new,Eclipse,0.418,0.924,0.492,new
Eclipse_new_4,RF_new,Eclipse,0.571,0.957,0.574,new
Eclipse_new_4,LR_new,Eclipse,0.389,0.908,0.469,new
Eclipse_new_4,LGBM_new,Eclipse,0.503,0.939,0.564,new
Eclipse_new_4,ET_new,Eclipse,0.57,0.957,0.576,new
Eclipse_new_4,ibea_new,Eclipse,0.569904249,0.956365177,0.581300813,new
Eclipse_new_4,DT_new,Eclipse,0.418,0.924,0.492,new
Eclipse_new_4,RF_new,Eclipse,0.569,0.957,0.573,new
Eclipse_new_4,LR_new,Eclipse,0.389,0.908,0.469,new
Eclipse_new_4,LGBM_new,Eclipse,0.503,0.939,0.564,new
Eclipse_new_4,ET_new,Eclipse,0.576,0.957,0.579,new
Eclipse_old_0,ibea_old,Eclipse,0.645913943,0.956286518,0.658783784,old
Eclipse_old_0,DT_old,Eclipse,0.436,0.882,0.519,old
Eclipse_old_0,RF_old,Eclipse,0.624,0.953,0.654,old
Eclipse_old_0,LR_old,Eclipse,0.47,0.911,0.551,old
Eclipse_old_0,LGBM_old,Eclipse,0.536,0.93,0.605,old
Eclipse_old_0,ET_old,Eclipse,0.646,0.956,0.658,old
Eclipse_old_0,ibea_old,Eclipse,0.647292565,0.956643658,0.651646447,old
Eclipse_old_0,DT_old,Eclipse,0.436,0.882,0.519,old
Eclipse_old_0,RF_old,Eclipse,0.647,0.956,0.658,old
Eclipse_old_0,LR_old,Eclipse,0.47,0.911,0.551,old
Eclipse_old_0,LGBM_old,Eclipse,0.536,0.93,0.605,old
Eclipse_old_0,ET_old,Eclipse,0.647,0.956,0.659,old
Eclipse_old_0,ibea_old,Eclipse,0.645237261,0.956456133,0.648083624,old
Eclipse_old_0,DT_old,Eclipse,0.438,0.883,0.52,old
Eclipse_old_0,RF_old,Eclipse,0.627,0.953,0.658,old
Eclipse_old_0,LR_old,Eclipse,0.47,0.911,0.551,old
Eclipse_old_0,LGBM_old,Eclipse,0.536,0.93,0.605,old
Eclipse_old_0,ET_old,Eclipse,0.648,0.957,0.659,old
Eclipse_old_0,ibea_old,Eclipse,0.645238306,0.956446744,0.648695652,old
Eclipse_old_0,DT_old,Eclipse,0.42,0.874,0.505,old
Eclipse_old_0,RF_old,Eclipse,0.618,0.952,0.65,old
Eclipse_old_0,LR_old,Eclipse,0.47,0.911,0.551,old
Eclipse_old_0,LGBM_old,Eclipse,0.536,0.93,0.605,old
Eclipse_old_0,ET_old,Eclipse,0.647,0.956,0.659,old
Eclipse_old_0,ibea_old,Eclipse,0.644422476,0.956258775,0.652956298,old
Eclipse_old_0,DT_old,Eclipse,0.438,0.883,0.52,old
Eclipse_old_0,RF_old,Eclipse,0.647,0.956,0.658,old
Eclipse_old_0,LR_old,Eclipse,0.47,0.911,0.551,old
Eclipse_old_0,LGBM_old,Eclipse,0.536,0.93,0.605,old
Eclipse_old_0,ET_old,Eclipse,0.647,0.956,0.659,old
Eclipse_old_1,ibea_old,Eclipse,0.57657922,0.951077586,0.603146853,old
Eclipse_old_1,DT_old,Eclipse,0.441,0.898,0.519,old
Eclipse_old_1,RF_old,Eclipse,0.554,0.947,0.595,old
Eclipse_old_1,LR_old,Eclipse,0.409,0.9,0.495,old
Eclipse_old_1,LGBM_old,Eclipse,0.518,0.935,0.583,old
Eclipse_old_1,ET_old,Eclipse,0.573,0.951,0.6,old
Eclipse_old_1,ibea_old,Eclipse,0.583708157,0.95227859,0.603571429,old
Eclipse_old_1,DT_old,Eclipse,0.441,0.898,0.519,old
Eclipse_old_1,RF_old,Eclipse,0.577,0.951,0.603,old
Eclipse_old_1,LR_old,Eclipse,0.409,0.9,0.495,old
Eclipse_old_1,LGBM_old,Eclipse,0.518,0.935,0.583,old
Eclipse_old_1,ET_old,Eclipse,0.574,0.951,0.601,old
Eclipse_old_1,ibea_old,Eclipse,0.58600669,0.952483337,0.606060606,old
Eclipse_old_1,DT_old,Eclipse,0.443,0.899,0.522,old
Eclipse_old_1,RF_old,Eclipse,0.557,0.948,0.597,old
Eclipse_old_1,LR_old,Eclipse,0.409,0.9,0.495,old
Eclipse_old_1,LGBM_old,Eclipse,0.518,0.935,0.583,old
Eclipse_old_1,ET_old,Eclipse,0.573,0.951,0.6,old
Eclipse_old_1,ibea_old,Eclipse,0.587850727,0.952708512,0.607142857,old
Eclipse_old_1,DT_old,Eclipse,0.458,0.92,0.535,old
Eclipse_old_1,RF_old,Eclipse,0.553,0.947,0.592,old
Eclipse_old_1,LR_old,Eclipse,0.409,0.9,0.495,old
Eclipse_old_1,LGBM_old,Eclipse,0.518,0.935,0.583,old
Eclipse_old_1,ET_old,Eclipse,0.573,0.951,0.6,old
Eclipse_old_1,ibea_old,Eclipse,0.578590046,0.951148496,0.606429192,old
Eclipse_old_1,DT_old,Eclipse,0.443,0.899,0.522,old
Eclipse_old_1,RF_old,Eclipse,0.576,0.951,0.603,old
Eclipse_old_1,LR_old,Eclipse,0.409,0.9,0.495,old
Eclipse_old_1,LGBM_old,Eclipse,0.518,0.935,0.583,old
Eclipse_old_1,ET_old,Eclipse,0.574,0.951,0.601,old
Eclipse_old_2,ibea_old,Eclipse,0.592175141,0.952493806,0.614173228,old
Eclipse_old_2,DT_old,Eclipse,0.4,0.883,0.486,old
Eclipse_old_2,RF_old,Eclipse,0.557,0.947,0.597,old
Eclipse_old_2,LR_old,Eclipse,0.429,0.913,0.512,old
Eclipse_old_2,LGBM_old,Eclipse,0.484,0.927,0.557,old
Eclipse_old_2,ET_old,Eclipse,0.591,0.952,0.612,old
Eclipse_old_2,ibea_old,Eclipse,0.591046961,0.952391211,0.61295972,old
Eclipse_old_2,DT_old,Eclipse,0.4,0.883,0.486,old
Eclipse_old_2,RF_old,Eclipse,0.596,0.953,0.616,old
Eclipse_old_2,LR_old,Eclipse,0.429,0.913,0.512,old
Eclipse_old_2,LGBM_old,Eclipse,0.484,0.927,0.557,old
Eclipse_old_2,ET_old,Eclipse,0.591,0.952,0.612,old
Eclipse_old_2,ibea_old,Eclipse,0.589917342,0.952288638,0.611744084,old
Eclipse_old_2,DT_old,Eclipse,0.4,0.883,0.486,old
Eclipse_old_2,RF_old,Eclipse,0.555,0.947,0.595,old
Eclipse_old_2,LR_old,Eclipse,0.429,0.913,0.512,old
Eclipse_old_2,LGBM_old,Eclipse,0.484,0.927,0.557,old
Eclipse_old_2,ET_old,Eclipse,0.591,0.952,0.612,old
Eclipse_old_2,ibea_old,Eclipse,0.589917342,0.952288638,0.611744084,old
Eclipse_old_2,DT_old,Eclipse,0.482,0.926,0.555,old
Eclipse_old_2,RF_old,Eclipse,0.557,0.947,0.596,old
Eclipse_old_2,LR_old,Eclipse,0.429,0.913,0.512,old
Eclipse_old_2,LGBM_old,Eclipse,0.484,0.927,0.557,old
Eclipse_old_2,ET_old,Eclipse,0.591,0.952,0.612,old
Eclipse_old_2,ibea_old,Eclipse,0.589917342,0.952288638,0.611744084,old
Eclipse_old_2,DT_old,Eclipse,0.4,0.883,0.486,old
Eclipse_old_2,RF_old,Eclipse,0.596,0.953,0.616,old
Eclipse_old_2,LR_old,Eclipse,0.429,0.913,0.512,old
Eclipse_old_2,LGBM_old,Eclipse,0.484,0.927,0.557,old
Eclipse_old_2,ET_old,Eclipse,0.591,0.952,0.612,old
Eclipse_old_3,ibea_old,Eclipse,0.605671825,0.956026234,0.636444444,old
Eclipse_old_3,DT_old,Eclipse,0.445,0.898,0.515,old
Eclipse_old_3,RF_old,Eclipse,0.601,0.955,0.638,old
Eclipse_old_3,LR_old,Eclipse,0.491,0.929,0.559,old
Eclipse_old_3,LGBM_old,Eclipse,0.539,0.941,0.598,old
Eclipse_old_3,ET_old,Eclipse,0.585,0.954,0.616,old
Eclipse_old_3,ibea_old,Eclipse,0.608436538,0.956493716,0.637421665,old
Eclipse_old_3,DT_old,Eclipse,0.445,0.898,0.515,old
Eclipse_old_3,RF_old,Eclipse,0.608,0.956,0.637,old
Eclipse_old_3,LR_old,Eclipse,0.491,0.929,0.559,old
Eclipse_old_3,LGBM_old,Eclipse,0.539,0.941,0.598,old
Eclipse_old_3,ET_old,Eclipse,0.599,0.955,0.629,old
Eclipse_old_3,ibea_old,Eclipse,0.608359355,0.956222437,0.639503986,old
Eclipse_old_3,DT_old,Eclipse,0.447,0.899,0.517,old
Eclipse_old_3,RF_old,Eclipse,0.598,0.954,0.635,old
Eclipse_old_3,LR_old,Eclipse,0.491,0.929,0.559,old
Eclipse_old_3,LGBM_old,Eclipse,0.539,0.941,0.598,old
Eclipse_old_3,ET_old,Eclipse,0.597,0.955,0.628,old
Eclipse_old_3,ibea_old,Eclipse,0.605671825,0.956026234,0.636444444,old
Eclipse_old_3,DT_old,Eclipse,0.468,0.917,0.539,old
Eclipse_old_3,RF_old,Eclipse,0.6,0.955,0.637,old
Eclipse_old_3,LR_old,Eclipse,0.491,0.929,0.559,old
Eclipse_old_3,LGBM_old,Eclipse,0.539,0.941,0.598,old
Eclipse_old_3,ET_old,Eclipse,0.596,0.955,0.627,old
Eclipse_old_3,ibea_old,Eclipse,0.609533792,0.956325301,0.640707965,old
Eclipse_old_3,DT_old,Eclipse,0.447,0.899,0.517,old
Eclipse_old_3,RF_old,Eclipse,0.605,0.956,0.634,old
Eclipse_old_3,LR_old,Eclipse,0.491,0.929,0.559,old
Eclipse_old_3,LGBM_old,Eclipse,0.539,0.941,0.598,old
Eclipse_old_3,ET_old,Eclipse,0.599,0.955,0.629,old
Eclipse_old_4,ibea_old,Eclipse,0.564900549,0.956098593,0.57348407,old
Eclipse_old_4,DT_old,Eclipse,0.352,0.889,0.436,old
Eclipse_old_4,RF_old,Eclipse,0.543,0.953,0.571,old
Eclipse_old_4,LR_old,Eclipse,0.408,0.925,0.482,old
Eclipse_old_4,LGBM_old,Eclipse,0.486,0.94,0.545,old
Eclipse_old_4,ET_old,Eclipse,0.569,0.956,0.578,old
Eclipse_old_4,ibea_old,Eclipse,0.564900549,0.956098593,0.57348407,old
Eclipse_old_4,DT_old,Eclipse,0.352,0.889,0.436,old
Eclipse_old_4,RF_old,Eclipse,0.566,0.956,0.575,old
Eclipse_old_4,LR_old,Eclipse,0.408,0.925,0.482,old
Eclipse_old_4,LGBM_old,Eclipse,0.486,0.94,0.545,old
Eclipse_old_4,ET_old,Eclipse,0.569,0.956,0.578,old
Eclipse_old_4,ibea_old,Eclipse,0.564900549,0.956098593,0.57348407,old
Eclipse_old_4,DT_old,Eclipse,0.352,0.889,0.436,old
Eclipse_old_4,RF_old,Eclipse,0.543,0.953,0.571,old
Eclipse_old_4,LR_old,Eclipse,0.408,0.925,0.482,old
Eclipse_old_4,LGBM_old,Eclipse,0.486,0.94,0.545,old
Eclipse_old_4,ET_old,Eclipse,0.57,0.957,0.579,old
Eclipse_old_4,ibea_old,Eclipse,0.566478737,0.956190476,0.575819672,old
Eclipse_old_4,DT_old,Eclipse,0.347,0.891,0.433,old
Eclipse_old_4,RF_old,Eclipse,0.546,0.953,0.576,old
Eclipse_old_4,LR_old,Eclipse,0.408,0.925,0.482,old
Eclipse_old_4,LGBM_old,Eclipse,0.486,0.94,0.545,old
Eclipse_old_4,ET_old,Eclipse,0.569,0.956,0.578,old
Eclipse_old_4,ibea_old,Eclipse,0.566217894,0.956199746,0.574948665,old
Eclipse_old_4,DT_old,Eclipse,0.352,0.889,0.436,old
Eclipse_old_4,RF_old,Eclipse,0.566,0.956,0.575,old
Eclipse_old_4,LR_old,Eclipse,0.408,0.925,0.482,old
Eclipse_old_4,LGBM_old,Eclipse,0.486,0.94,0.545,old
Eclipse_old_4,ET_old,Eclipse,0.57,0.957,0.579,old
Gerrithub_new_0,ibea_new,Gerrithub,0.364369787,0.938369781,0.272921109,new
Gerrithub_new_0,DT_new,Gerrithub,0.467,0.933,0.531,new
Gerrithub_new_0,RF_new,Gerrithub,0.494,0.937,0.555,new
Gerrithub_new_0,LR_new,Gerrithub,0.319,0.819,0.41,new
Gerrithub_new_0,LGBM_new,Gerrithub,0.485,0.913,0.557,new
Gerrithub_new_0,ET_new,Gerrithub,0.459,0.944,0.387,new
Gerrithub_new_0,ibea_new,Gerrithub,0.490508499,0.946405707,0.452336449,new
Gerrithub_new_0,DT_new,Gerrithub,0.467,0.933,0.531,new
Gerrithub_new_0,RF_new,Gerrithub,0.494,0.937,0.554,new
Gerrithub_new_0,LR_new,Gerrithub,0.319,0.819,0.41,new
Gerrithub_new_0,LGBM_new,Gerrithub,0.485,0.913,0.557,new
Gerrithub_new_0,ET_new,Gerrithub,0.464,0.945,0.391,new
Gerrithub_new_0,ibea_new,Gerrithub,0.535921809,0.949862259,0.509874327,new
Gerrithub_new_0,DT_new,Gerrithub,0.467,0.933,0.531,new
Gerrithub_new_0,RF_new,Gerrithub,0.493,0.936,0.556,new
Gerrithub_new_0,LR_new,Gerrithub,0.319,0.819,0.41,new
Gerrithub_new_0,LGBM_new,Gerrithub,0.485,0.913,0.557,new
Gerrithub_new_0,ET_new,Gerrithub,0.469,0.945,0.398,new
Gerrithub_new_0,ibea_new,Gerrithub,0.567716953,0.951726699,0.577922078,new
Gerrithub_new_0,DT_new,Gerrithub,0.467,0.933,0.531,new
Gerrithub_new_0,RF_new,Gerrithub,0.516,0.939,0.574,new
Gerrithub_new_0,LR_new,Gerrithub,0.319,0.819,0.41,new
Gerrithub_new_0,LGBM_new,Gerrithub,0.485,0.913,0.557,new
Gerrithub_new_0,ET_new,Gerrithub,0.459,0.944,0.387,new
Gerrithub_new_0,ibea_new,Gerrithub,0.575388053,0.952786521,0.575707155,new
Gerrithub_new_0,DT_new,Gerrithub,0.467,0.933,0.531,new
Gerrithub_new_0,RF_new,Gerrithub,0.527,0.941,0.583,new
Gerrithub_new_0,LR_new,Gerrithub,0.319,0.819,0.41,new
Gerrithub_new_0,LGBM_new,Gerrithub,0.485,0.913,0.557,new
Gerrithub_new_0,ET_new,Gerrithub,0.464,0.945,0.391,new
Gerrithub_new_1,ibea_new,Gerrithub,0.573863658,0.956184138,0.600337268,new
Gerrithub_new_1,DT_new,Gerrithub,0.437,0.934,0.503,new
Gerrithub_new_1,RF_new,Gerrithub,0.491,0.943,0.546,new
Gerrithub_new_1,LR_new,Gerrithub,0.314,0.844,0.394,new
Gerrithub_new_1,LGBM_new,Gerrithub,0.497,0.935,0.56,new
Gerrithub_new_1,ET_new,Gerrithub,0.539,0.955,0.537,new
Gerrithub_new_1,ibea_new,Gerrithub,0.542430406,0.953471196,0.56996587,new
Gerrithub_new_1,DT_new,Gerrithub,0.437,0.934,0.503,new
Gerrithub_new_1,RF_new,Gerrithub,0.493,0.943,0.548,new
Gerrithub_new_1,LR_new,Gerrithub,0.314,0.844,0.394,new
Gerrithub_new_1,LGBM_new,Gerrithub,0.497,0.935,0.56,new
Gerrithub_new_1,ET_new,Gerrithub,0.539,0.955,0.537,new
Gerrithub_new_1,ibea_new,Gerrithub,0.502038125,0.951402897,0.517304189,new
Gerrithub_new_1,DT_new,Gerrithub,0.437,0.934,0.503,new
Gerrithub_new_1,RF_new,Gerrithub,0.489,0.943,0.544,new
Gerrithub_new_1,LR_new,Gerrithub,0.314,0.844,0.394,new
Gerrithub_new_1,LGBM_new,Gerrithub,0.497,0.935,0.56,new
Gerrithub_new_1,ET_new,Gerrithub,0.536,0.955,0.532,new
Gerrithub_new_1,ibea_new,Gerrithub,0.54015246,0.954945055,0.546125461,new
Gerrithub_new_1,DT_new,Gerrithub,0.437,0.934,0.503,new
Gerrithub_new_1,RF_new,Gerrithub,0.494,0.944,0.548,new
Gerrithub_new_1,LR_new,Gerrithub,0.314,0.844,0.394,new
Gerrithub_new_1,LGBM_new,Gerrithub,0.497,0.935,0.56,new
Gerrithub_new_1,ET_new,Gerrithub,0.526,0.954,0.524,new
Gerrithub_new_1,ibea_new,Gerrithub,0.539788596,0.953993375,0.559859155,new
Gerrithub_new_1,DT_new,Gerrithub,0.437,0.934,0.503,new
Gerrithub_new_1,RF_new,Gerrithub,0.485,0.943,0.54,new
Gerrithub_new_1,LR_new,Gerrithub,0.314,0.844,0.394,new
Gerrithub_new_1,LGBM_new,Gerrithub,0.497,0.935,0.56,new
Gerrithub_new_1,ET_new,Gerrithub,0.536,0.955,0.532,new
Gerrithub_new_2,ibea_new,Gerrithub,0.607041886,0.961790393,0.584980237,new
Gerrithub_new_2,DT_new,Gerrithub,0.443,0.92,0.512,new
Gerrithub_new_2,RF_new,Gerrithub,0.601,0.958,0.634,new
Gerrithub_new_2,LR_new,Gerrithub,0.335,0.863,0.412,new
Gerrithub_new_2,LGBM_new,Gerrithub,0.557,0.944,0.611,new
Gerrithub_new_2,ET_new,Gerrithub,0.63,0.964,0.606,new
Gerrithub_new_2,ibea_new,Gerrithub,0.645064395,0.964774594,0.630975143,new
Gerrithub_new_2,DT_new,Gerrithub,0.443,0.92,0.512,new
Gerrithub_new_2,RF_new,Gerrithub,0.593,0.958,0.626,new
Gerrithub_new_2,LR_new,Gerrithub,0.335,0.863,0.412,new
Gerrithub_new_2,LGBM_new,Gerrithub,0.557,0.944,0.611,new
Gerrithub_new_2,ET_new,Gerrithub,0.633,0.964,0.606,new
Gerrithub_new_2,ibea_new,Gerrithub,0.625800877,0.963030747,0.624535316,new
Gerrithub_new_2,DT_new,Gerrithub,0.443,0.92,0.512,new
Gerrithub_new_2,RF_new,Gerrithub,0.596,0.958,0.631,new
Gerrithub_new_2,LR_new,Gerrithub,0.335,0.863,0.412,new
Gerrithub_new_2,LGBM_new,Gerrithub,0.557,0.944,0.611,new
Gerrithub_new_2,ET_new,Gerrithub,0.633,0.964,0.607,new
Gerrithub_new_2,ibea_new,Gerrithub,0.564502708,0.958575581,0.542168675,new
Gerrithub_new_2,DT_new,Gerrithub,0.443,0.92,0.512,new
Gerrithub_new_2,RF_new,Gerrithub,0.598,0.959,0.626,new
Gerrithub_new_2,LR_new,Gerrithub,0.335,0.863,0.412,new
Gerrithub_new_2,LGBM_new,Gerrithub,0.557,0.944,0.611,new
Gerrithub_new_2,ET_new,Gerrithub,0.626,0.963,0.601,new
Gerrithub_new_2,ibea_new,Gerrithub,0.618291335,0.962598066,0.606525912,new
Gerrithub_new_2,DT_new,Gerrithub,0.443,0.92,0.512,new
Gerrithub_new_2,RF_new,Gerrithub,0.6,0.958,0.633,new
Gerrithub_new_2,LR_new,Gerrithub,0.335,0.863,0.412,new
Gerrithub_new_2,LGBM_new,Gerrithub,0.557,0.944,0.611,new
Gerrithub_new_2,ET_new,Gerrithub,0.631,0.964,0.603,new
Gerrithub_new_3,ibea_new,Gerrithub,0.583361268,0.961180973,0.586407767,new
Gerrithub_new_3,DT_new,Gerrithub,0.401,0.922,0.473,new
Gerrithub_new_3,RF_new,Gerrithub,0.599,0.96,0.632,new
Gerrithub_new_3,LR_new,Gerrithub,0.401,0.892,0.463,new
Gerrithub_new_3,LGBM_new,Gerrithub,0.521,0.93,0.572,new
Gerrithub_new_3,ET_new,Gerrithub,0.546,0.959,0.509,new
Gerrithub_new_3,ibea_new,Gerrithub,0.615565181,0.964,0.605577689,new
Gerrithub_new_3,DT_new,Gerrithub,0.401,0.922,0.473,new
Gerrithub_new_3,RF_new,Gerrithub,0.612,0.961,0.643,new
Gerrithub_new_3,LR_new,Gerrithub,0.401,0.892,0.463,new
Gerrithub_new_3,LGBM_new,Gerrithub,0.521,0.93,0.572,new
Gerrithub_new_3,ET_new,Gerrithub,0.538,0.959,0.499,new
Gerrithub_new_3,ibea_new,Gerrithub,0.588804363,0.962117093,0.569072165,new
Gerrithub_new_3,DT_new,Gerrithub,0.401,0.922,0.473,new
Gerrithub_new_3,RF_new,Gerrithub,0.606,0.961,0.637,new
Gerrithub_new_3,LR_new,Gerrithub,0.401,0.892,0.463,new
Gerrithub_new_3,LGBM_new,Gerrithub,0.521,0.93,0.572,new
Gerrithub_new_3,ET_new,Gerrithub,0.546,0.959,0.509,new
Gerrithub_new_3,ibea_new,Gerrithub,0.581699164,0.961552412,0.56557377,new
Gerrithub_new_3,DT_new,Gerrithub,0.401,0.922,0.473,new
Gerrithub_new_3,RF_new,Gerrithub,0.605,0.96,0.637,new
Gerrithub_new_3,LR_new,Gerrithub,0.401,0.892,0.463,new
Gerrithub_new_3,LGBM_new,Gerrithub,0.521,0.93,0.572,new
Gerrithub_new_3,ET_new,Gerrithub,0.54,0.959,0.504,new
Gerrithub_new_3,ibea_new,Gerrithub,0.597101624,0.962545455,0.589641434,new
Gerrithub_new_3,DT_new,Gerrithub,0.406,0.923,0.477,new
Gerrithub_new_3,RF_new,Gerrithub,0.603,0.96,0.638,new
Gerrithub_new_3,LR_new,Gerrithub,0.401,0.892,0.463,new
Gerrithub_new_3,LGBM_new,Gerrithub,0.521,0.93,0.572,new
Gerrithub_new_3,ET_new,Gerrithub,0.541,0.959,0.502,new
Gerrithub_new_4,ibea_new,Gerrithub,0.721427946,0.971217712,0.731958763,new
Gerrithub_new_4,DT_new,Gerrithub,0.324,0.78,0.376,new
Gerrithub_new_4,RF_new,Gerrithub,0.589,0.956,0.627,new
Gerrithub_new_4,LR_new,Gerrithub,0.368,0.876,0.438,new
Gerrithub_new_4,LGBM_new,Gerrithub,0.64,0.958,0.683,new
Gerrithub_new_4,ET_new,Gerrithub,0.616,0.963,0.592,new
Gerrithub_new_4,ibea_new,Gerrithub,0.64561692,0.964822279,0.647058824,new
Gerrithub_new_4,DT_new,Gerrithub,0.324,0.78,0.376,new
Gerrithub_new_4,RF_new,Gerrithub,0.581,0.955,0.623,new
Gerrithub_new_4,LR_new,Gerrithub,0.368,0.876,0.438,new
Gerrithub_new_4,LGBM_new,Gerrithub,0.64,0.958,0.683,new
Gerrithub_new_4,ET_new,Gerrithub,0.616,0.963,0.592,new
Gerrithub_new_4,ibea_new,Gerrithub,0.678204896,0.967694835,0.661567878,new
Gerrithub_new_4,DT_new,Gerrithub,0.324,0.78,0.376,new
Gerrithub_new_4,RF_new,Gerrithub,0.587,0.956,0.626,new
Gerrithub_new_4,LR_new,Gerrithub,0.368,0.876,0.438,new
Gerrithub_new_4,LGBM_new,Gerrithub,0.64,0.958,0.683,new
Gerrithub_new_4,ET_new,Gerrithub,0.623,0.963,0.601,new
Gerrithub_new_4,ibea_new,Gerrithub,0.673080693,0.967186068,0.672760512,new
Gerrithub_new_4,DT_new,Gerrithub,0.324,0.78,0.376,new
Gerrithub_new_4,RF_new,Gerrithub,0.601,0.957,0.639,new
Gerrithub_new_4,LR_new,Gerrithub,0.368,0.876,0.438,new
Gerrithub_new_4,LGBM_new,Gerrithub,0.64,0.958,0.683,new
Gerrithub_new_4,ET_new,Gerrithub,0.621,0.963,0.598,new
Gerrithub_new_4,ibea_new,Gerrithub,0.668692199,0.966868021,0.66419295,new
Gerrithub_new_4,DT_new,Gerrithub,0.324,0.78,0.376,new
Gerrithub_new_4,RF_new,Gerrithub,0.593,0.957,0.629,new
Gerrithub_new_4,LR_new,Gerrithub,0.368,0.876,0.438,new
Gerrithub_new_4,LGBM_new,Gerrithub,0.64,0.958,0.683,new
Gerrithub_new_4,ET_new,Gerrithub,0.605,0.962,0.578,new
Gerrithub_old_0,ibea_old,Gerrithub,0.528053628,0.947818013,0.544570502,old
Gerrithub_old_0,DT_old,Gerrithub,0.298,0.768,0.385,old
Gerrithub_old_0,RF_old,Gerrithub,0.392,0.916,0.476,old
Gerrithub_old_0,LR_old,Gerrithub,0.301,0.813,0.397,old
Gerrithub_old_0,LGBM_old,Gerrithub,0.321,0.792,0.404,old
Gerrithub_old_0,ET_old,Gerrithub,0.349,0.938,0.251,old
Gerrithub_old_0,ibea_old,Gerrithub,0.466470229,0.944697938,0.420650096,old
Gerrithub_old_0,DT_old,Gerrithub,0.3,0.769,0.386,old
Gerrithub_old_0,RF_old,Gerrithub,0.415,0.922,0.492,old
Gerrithub_old_0,LR_old,Gerrithub,0.301,0.813,0.397,old
Gerrithub_old_0,LGBM_old,Gerrithub,0.321,0.792,0.404,old
Gerrithub_old_0,ET_old,Gerrithub,0.32,0.936,0.259,old
Gerrithub_old_0,ibea_old,Gerrithub,0.522613237,0.948797945,0.495479204,old
Gerrithub_old_0,DT_old,Gerrithub,0.298,0.768,0.385,old
Gerrithub_old_0,RF_old,Gerrithub,0.398,0.92,0.478,old
Gerrithub_old_0,LR_old,Gerrithub,0.301,0.813,0.397,old
Gerrithub_old_0,LGBM_old,Gerrithub,0.321,0.792,0.404,old
Gerrithub_old_0,ET_old,Gerrithub,0.352,0.938,0.258,old
Gerrithub_old_0,ibea_old,Gerrithub,0.304019065,0.894685232,0.405315615,old
Gerrithub_old_0,DT_old,Gerrithub,0.298,0.768,0.385,old
Gerrithub_old_0,RF_old,Gerrithub,0.412,0.921,0.491,old
Gerrithub_old_0,LR_old,Gerrithub,0.301,0.813,0.397,old
Gerrithub_old_0,LGBM_old,Gerrithub,0.321,0.792,0.404,old
Gerrithub_old_0,ET_old,Gerrithub,0.321,0.875,0.422,old
Gerrithub_old_0,ibea_old,Gerrithub,0.512487335,0.948099415,0.464150943,old
Gerrithub_old_0,DT_old,Gerrithub,0.298,0.768,0.385,old
Gerrithub_old_0,RF_old,Gerrithub,0.402,0.917,0.484,old
Gerrithub_old_0,LR_old,Gerrithub,0.301,0.813,0.397,old
Gerrithub_old_0,LGBM_old,Gerrithub,0.321,0.792,0.404,old
Gerrithub_old_0,ET_old,Gerrithub,0.328,0.936,0.251,old
Gerrithub_old_1,ibea_old,Gerrithub,0.43655393,0.946617916,0.45112782,old
Gerrithub_old_1,DT_old,Gerrithub,0.362,0.825,0.418,old
Gerrithub_old_1,RF_old,Gerrithub,0.381,0.93,0.45,old
Gerrithub_old_1,LR_old,Gerrithub,0.308,0.836,0.388,old
Gerrithub_old_1,LGBM_old,Gerrithub,0.338,0.829,0.405,old
Gerrithub_old_1,ET_old,Gerrithub,0.345,0.944,0.312,old
Gerrithub_old_1,ibea_old,Gerrithub,0.486250207,0.94945782,0.509803922,old
Gerrithub_old_1,DT_old,Gerrithub,0.362,0.825,0.418,old
Gerrithub_old_1,RF_old,Gerrithub,0.39,0.929,0.46,old
Gerrithub_old_1,LR_old,Gerrithub,0.308,0.836,0.388,old
Gerrithub_old_1,LGBM_old,Gerrithub,0.338,0.829,0.405,old
Gerrithub_old_1,ET_old,Gerrithub,0.334,0.943,0.298,old
Gerrithub_old_1,ibea_old,Gerrithub,0.499550085,0.951228456,0.51459854,old
Gerrithub_old_1,DT_old,Gerrithub,0.362,0.825,0.418,old
Gerrithub_old_1,RF_old,Gerrithub,0.354,0.92,0.433,old
Gerrithub_old_1,LR_old,Gerrithub,0.308,0.836,0.388,old
Gerrithub_old_1,LGBM_old,Gerrithub,0.338,0.829,0.405,old
Gerrithub_old_1,ET_old,Gerrithub,0.341,0.943,0.305,old
Gerrithub_old_1,ibea_old,Gerrithub,0.315031073,0.93828509,0.333988212,old
Gerrithub_old_1,DT_old,Gerrithub,0.362,0.825,0.418,old
Gerrithub_old_1,RF_old,Gerrithub,0.395,0.931,0.462,old
Gerrithub_old_1,LR_old,Gerrithub,0.308,0.836,0.388,old
Gerrithub_old_1,LGBM_old,Gerrithub,0.338,0.829,0.405,old
Gerrithub_old_1,ET_old,Gerrithub,0.302,0.899,0.394,old
Gerrithub_old_1,ibea_old,Gerrithub,0.544954053,0.954101382,0.568457539,old
Gerrithub_old_1,DT_old,Gerrithub,0.362,0.825,0.418,old
Gerrithub_old_1,RF_old,Gerrithub,0.383,0.931,0.451,old
Gerrithub_old_1,LR_old,Gerrithub,0.308,0.836,0.388,old
Gerrithub_old_1,LGBM_old,Gerrithub,0.338,0.829,0.405,old
Gerrithub_old_1,ET_old,Gerrithub,0.333,0.943,0.3,old
Gerrithub_old_2,ibea_old,Gerrithub,0.581689578,0.958662502,0.597495528,old
Gerrithub_old_2,DT_old,Gerrithub,0.361,0.822,0.412,old
Gerrithub_old_2,RF_old,Gerrithub,0.518,0.948,0.567,old
Gerrithub_old_2,LR_old,Gerrithub,0.32,0.84,0.393,old
Gerrithub_old_2,LGBM_old,Gerrithub,0.353,0.83,0.41,old
Gerrithub_old_2,ET_old,Gerrithub,0.506,0.955,0.438,old
Gerrithub_old_2,ibea_old,Gerrithub,0.596259402,0.960744933,0.59047619,old
Gerrithub_old_2,DT_old,Gerrithub,0.361,0.822,0.412,old
Gerrithub_old_2,RF_old,Gerrithub,0.509,0.945,0.563,old
Gerrithub_old_2,LR_old,Gerrithub,0.32,0.84,0.393,old
Gerrithub_old_2,LGBM_old,Gerrithub,0.353,0.83,0.41,old
Gerrithub_old_2,ET_old,Gerrithub,0.498,0.954,0.427,old
Gerrithub_old_2,ibea_old,Gerrithub,0.48668173,0.953425643,0.412698413,old
Gerrithub_old_2,DT_old,Gerrithub,0.361,0.822,0.412,old
Gerrithub_old_2,RF_old,Gerrithub,0.485,0.942,0.542,old
Gerrithub_old_2,LR_old,Gerrithub,0.32,0.84,0.393,old
Gerrithub_old_2,LGBM_old,Gerrithub,0.353,0.83,0.41,old
Gerrithub_old_2,ET_old,Gerrithub,0.508,0.955,0.441,old
Gerrithub_old_2,ibea_old,Gerrithub,0.596469812,0.960730594,0.592030361,old
Gerrithub_old_2,DT_old,Gerrithub,0.361,0.822,0.412,old
Gerrithub_old_2,RF_old,Gerrithub,0.519,0.947,0.571,old
Gerrithub_old_2,LR_old,Gerrithub,0.32,0.84,0.393,old
Gerrithub_old_2,LGBM_old,Gerrithub,0.353,0.83,0.41,old
Gerrithub_old_2,ET_old,Gerrithub,0.339,0.912,0.422,old
Gerrithub_old_2,ibea_old,Gerrithub,0.613812802,0.962233169,0.60268714,old
Gerrithub_old_2,DT_old,Gerrithub,0.361,0.822,0.412,old
Gerrithub_old_2,RF_old,Gerrithub,0.524,0.948,0.574,old
Gerrithub_old_2,LR_old,Gerrithub,0.32,0.84,0.393,old
Gerrithub_old_2,LGBM_old,Gerrithub,0.353,0.83,0.41,old
Gerrithub_old_2,ET_old,Gerrithub,0.495,0.954,0.423,old
Gerrithub_old_3,ibea_old,Gerrithub,0.442353259,0.950807769,0.45030426,old
Gerrithub_old_3,DT_old,Gerrithub,0.286,0.776,0.347,old
Gerrithub_old_3,RF_old,Gerrithub,0.47,0.939,0.53,old
Gerrithub_old_3,LR_old,Gerrithub,0.319,0.821,0.38,old
Gerrithub_old_3,LGBM_old,Gerrithub,0.291,0.789,0.353,old
Gerrithub_old_3,ET_old,Gerrithub,0.408,0.951,0.342,old
Gerrithub_old_3,ibea_old,Gerrithub,0.453686954,0.948025712,0.491921005,old
Gerrithub_old_3,DT_old,Gerrithub,0.284,0.776,0.346,old
Gerrithub_old_3,RF_old,Gerrithub,0.441,0.935,0.506,old
Gerrithub_old_3,LR_old,Gerrithub,0.319,0.821,0.38,old
Gerrithub_old_3,LGBM_old,Gerrithub,0.291,0.789,0.353,old
Gerrithub_old_3,ET_old,Gerrithub,0.383,0.95,0.307,old
Gerrithub_old_3,ibea_old,Gerrithub,0.480500186,0.949115044,0.522491349,old
Gerrithub_old_3,DT_old,Gerrithub,0.286,0.776,0.347,old
Gerrithub_old_3,RF_old,Gerrithub,0.427,0.935,0.492,old
Gerrithub_old_3,LR_old,Gerrithub,0.319,0.821,0.38,old
Gerrithub_old_3,LGBM_old,Gerrithub,0.291,0.789,0.353,old
Gerrithub_old_3,ET_old,Gerrithub,0.397,0.951,0.324,old
Gerrithub_old_3,ibea_old,Gerrithub,0.45257869,0.950855479,0.468503937,old
Gerrithub_old_3,DT_old,Gerrithub,0.284,0.776,0.346,old
Gerrithub_old_3,RF_old,Gerrithub,0.448,0.939,0.51,old
Gerrithub_old_3,LR_old,Gerrithub,0.32,0.822,0.38,old
Gerrithub_old_3,LGBM_old,Gerrithub,0.291,0.789,0.353,old
Gerrithub_old_3,ET_old,Gerrithub,0.377,0.913,0.451,old
Gerrithub_old_3,ibea_old,Gerrithub,0.459949831,0.953223767,0.443010753,old
Gerrithub_old_3,DT_old,Gerrithub,0.286,0.776,0.347,old
Gerrithub_old_3,RF_old,Gerrithub,0.454,0.94,0.514,old
Gerrithub_old_3,LR_old,Gerrithub,0.32,0.822,0.38,old
Gerrithub_old_3,LGBM_old,Gerrithub,0.291,0.789,0.353,old
Gerrithub_old_3,ET_old,Gerrithub,0.397,0.951,0.327,old
Gerrithub_old_4,ibea_old,Gerrithub,0.494151202,0.921722114,0.551569507,old
Gerrithub_old_4,DT_old,Gerrithub,0.258,0.731,0.329,old
Gerrithub_old_4,RF_old,Gerrithub,0.427,0.931,0.496,old
Gerrithub_old_4,LR_old,Gerrithub,0.31,0.821,0.38,old
Gerrithub_old_4,LGBM_old,Gerrithub,0.277,0.749,0.342,old
Gerrithub_old_4,ET_old,Gerrithub,0.441,0.951,0.358,old
Gerrithub_old_4,ibea_old,Gerrithub,0.666883872,0.966764061,0.653992395,old
Gerrithub_old_4,DT_old,Gerrithub,0.258,0.731,0.329,old
Gerrithub_old_4,RF_old,Gerrithub,0.429,0.933,0.496,old
Gerrithub_old_4,LR_old,Gerrithub,0.31,0.821,0.38,old
Gerrithub_old_4,LGBM_old,Gerrithub,0.277,0.749,0.342,old
Gerrithub_old_4,ET_old,Gerrithub,0.432,0.951,0.346,old
Gerrithub_old_4,ibea_old,Gerrithub,0.498206053,0.924336973,0.556064073,old
Gerrithub_old_4,DT_old,Gerrithub,0.262,0.732,0.331,old
Gerrithub_old_4,RF_old,Gerrithub,0.424,0.93,0.494,old
Gerrithub_old_4,LR_old,Gerrithub,0.31,0.821,0.38,old
Gerrithub_old_4,LGBM_old,Gerrithub,0.277,0.749,0.342,old
Gerrithub_old_4,ET_old,Gerrithub,0.436,0.951,0.347,old
Gerrithub_old_4,ibea_old,Gerrithub,0.644818553,0.964298859,0.658450704,old
Gerrithub_old_4,DT_old,Gerrithub,0.262,0.732,0.331,old
Gerrithub_old_4,RF_old,Gerrithub,0.441,0.934,0.507,old
Gerrithub_old_4,LR_old,Gerrithub,0.31,0.821,0.38,old
Gerrithub_old_4,LGBM_old,Gerrithub,0.277,0.749,0.342,old
Gerrithub_old_4,ET_old,Gerrithub,0.244,0.906,0.337,old
Gerrithub_old_4,ibea_old,Gerrithub,0.649989578,0.965175953,0.652014652,old
Gerrithub_old_4,DT_old,Gerrithub,0.258,0.731,0.329,old
Gerrithub_old_4,RF_old,Gerrithub,0.454,0.937,0.517,old
Gerrithub_old_4,LR_old,Gerrithub,0.31,0.821,0.38,old
Gerrithub_old_4,LGBM_old,Gerrithub,0.277,0.749,0.342,old
Gerrithub_old_4,ET_old,Gerrithub,0.435,0.951,0.353,old
Libreoffice_new_0,ibea_new,Libreoffice,0.566302638,0.970072456,0.577777778,new
Libreoffice_new_0,DT_new,Libreoffice,0.345,0.897,0.382,new
Libreoffice_new_0,RF_new,Libreoffice,0.471,0.959,0.511,new
Libreoffice_new_0,LR_new,Libreoffice,0.37,0.917,0.413,new
Libreoffice_new_0,LGBM_new,Libreoffice,0.446,0.936,0.485,new
Libreoffice_new_0,ET_new,Libreoffice,0.533,0.97,0.505,new
Libreoffice_new_0,ibea_new,Libreoffice,0.573979268,0.971213231,0.573643411,new
Libreoffice_new_0,DT_new,Libreoffice,0.342,0.897,0.38,new
Libreoffice_new_0,RF_new,Libreoffice,0.472,0.957,0.515,new
Libreoffice_new_0,LR_new,Libreoffice,0.37,0.917,0.413,new
Libreoffice_new_0,LGBM_new,Libreoffice,0.446,0.936,0.485,new
Libreoffice_new_0,ET_new,Libreoffice,0.564,0.971,0.553,new
Libreoffice_new_0,ibea_new,Libreoffice,0.574176162,0.970720957,0.582959641,new
Libreoffice_new_0,DT_new,Libreoffice,0.342,0.897,0.38,new
Libreoffice_new_0,RF_new,Libreoffice,0.495,0.959,0.535,new
Libreoffice_new_0,LR_new,Libreoffice,0.37,0.917,0.413,new
Libreoffice_new_0,LGBM_new,Libreoffice,0.446,0.936,0.485,new
Libreoffice_new_0,ET_new,Libreoffice,0.561,0.971,0.546,new
Libreoffice_new_0,ibea_new,Libreoffice,0.575286419,0.971075246,0.579268293,new
Libreoffice_new_0,DT_new,Libreoffice,0.342,0.897,0.38,new
Libreoffice_new_0,RF_new,Libreoffice,0.491,0.959,0.532,new
Libreoffice_new_0,LR_new,Libreoffice,0.37,0.917,0.413,new
Libreoffice_new_0,LGBM_new,Libreoffice,0.446,0.936,0.485,new
Libreoffice_new_0,ET_new,Libreoffice,0.565,0.971,0.552,new
Libreoffice_new_0,ibea_new,Libreoffice,0.537441206,0.965473417,0.568783069,new
Libreoffice_new_0,DT_new,Libreoffice,0.329,0.886,0.365,new
Libreoffice_new_0,RF_new,Libreoffice,0.48,0.96,0.519,new
Libreoffice_new_0,LR_new,Libreoffice,0.37,0.917,0.413,new
Libreoffice_new_0,LGBM_new,Libreoffice,0.446,0.936,0.485,new
Libreoffice_new_0,ET_new,Libreoffice,0.565,0.971,0.55,new
Libreoffice_new_1,ibea_new,Libreoffice,0.556341508,0.974396036,0.515625,new
Libreoffice_new_1,DT_new,Libreoffice,0.36,0.912,0.387,new
Libreoffice_new_1,RF_new,Libreoffice,0.493,0.968,0.515,new
Libreoffice_new_1,LR_new,Libreoffice,0.331,0.907,0.363,new
Libreoffice_new_1,LGBM_new,Libreoffice,0.398,0.931,0.431,new
Libreoffice_new_1,ET_new,Libreoffice,0.532,0.973,0.497,new
Libreoffice_new_1,ibea_new,Libreoffice,0.563409437,0.974697924,0.524271845,new
Libreoffice_new_1,DT_new,Libreoffice,0.398,0.953,0.444,new
Libreoffice_new_1,RF_new,Libreoffice,0.504,0.968,0.531,new
Libreoffice_new_1,LR_new,Libreoffice,0.331,0.907,0.363,new
Libreoffice_new_1,LGBM_new,Libreoffice,0.398,0.931,0.431,new
Libreoffice_new_1,ET_new,Libreoffice,0.545,0.974,0.515,new
Libreoffice_new_1,ibea_new,Libreoffice,0.563409437,0.974697924,0.524271845,new
Libreoffice_new_1,DT_new,Libreoffice,0.398,0.953,0.444,new
Libreoffice_new_1,RF_new,Libreoffice,0.516,0.969,0.542,new
Libreoffice_new_1,LR_new,Libreoffice,0.331,0.907,0.363,new
Libreoffice_new_1,LGBM_new,Libreoffice,0.398,0.931,0.431,new
Libreoffice_new_1,ET_new,Libreoffice,0.556,0.974,0.528,new
Libreoffice_new_1,ibea_new,Libreoffice,0.559078929,0.974486107,0.522243714,new
Libreoffice_new_1,DT_new,Libreoffice,0.398,0.953,0.444,new
Libreoffice_new_1,RF_new,Libreoffice,0.512,0.969,0.536,new
Libreoffice_new_1,LR_new,Libreoffice,0.331,0.907,0.363,new
Libreoffice_new_1,LGBM_new,Libreoffice,0.398,0.931,0.431,new
Libreoffice_new_1,ET_new,Libreoffice,0.549,0.974,0.521,new
Libreoffice_new_1,ibea_new,Libreoffice,0.563409437,0.974697924,0.524271845,new
Libreoffice_new_1,DT_new,Libreoffice,0.419,0.937,0.453,new
Libreoffice_new_1,RF_new,Libreoffice,0.5,0.969,0.522,new
Libreoffice_new_1,LR_new,Libreoffice,0.331,0.907,0.363,new
Libreoffice_new_1,LGBM_new,Libreoffice,0.398,0.931,0.431,new
Libreoffice_new_1,ET_new,Libreoffice,0.549,0.974,0.519,new
Libreoffice_new_2,ibea_new,Libreoffice,0.609309176,0.977547853,0.592870544,new
Libreoffice_new_2,DT_new,Libreoffice,0.403,0.944,0.442,new
Libreoffice_new_2,RF_new,Libreoffice,0.575,0.974,0.59,new
Libreoffice_new_2,LR_new,Libreoffice,0.362,0.931,0.398,new
Libreoffice_new_2,LGBM_new,Libreoffice,0.479,0.955,0.513,new
Libreoffice_new_2,ET_new,Libreoffice,0.588,0.976,0.581,new
Libreoffice_new_2,ibea_new,Libreoffice,0.610418217,0.977533906,0.597402597,new
Libreoffice_new_2,DT_new,Libreoffice,0.448,0.94,0.472,new
Libreoffice_new_2,RF_new,Libreoffice,0.557,0.972,0.58,new
Libreoffice_new_2,LR_new,Libreoffice,0.362,0.931,0.398,new
Libreoffice_new_2,LGBM_new,Libreoffice,0.479,0.955,0.513,new
Libreoffice_new_2,ET_new,Libreoffice,0.583,0.976,0.578,new
Libreoffice_new_2,ibea_new,Libreoffice,0.591630952,0.976604555,0.579925651,new
Libreoffice_new_2,DT_new,Libreoffice,0.448,0.94,0.472,new
Libreoffice_new_2,RF_new,Libreoffice,0.56,0.973,0.58,new
Libreoffice_new_2,LR_new,Libreoffice,0.362,0.931,0.398,new
Libreoffice_new_2,LGBM_new,Libreoffice,0.479,0.955,0.513,new
Libreoffice_new_2,ET_new,Libreoffice,0.581,0.976,0.577,new
Libreoffice_new_2,ibea_new,Libreoffice,0.608979318,0.977423364,0.597785978,new
Libreoffice_new_2,DT_new,Libreoffice,0.448,0.94,0.472,new
Libreoffice_new_2,RF_new,Libreoffice,0.569,0.974,0.587,new
Libreoffice_new_2,LR_new,Libreoffice,0.362,0.931,0.398,new
Libreoffice_new_2,LGBM_new,Libreoffice,0.479,0.955,0.513,new
Libreoffice_new_2,ET_new,Libreoffice,0.577,0.976,0.574,new
Libreoffice_new_2,ibea_new,Libreoffice,0.610418217,0.977533906,0.597402597,new
Libreoffice_new_2,DT_new,Libreoffice,0.399,0.917,0.413,new
Libreoffice_new_2,RF_new,Libreoffice,0.572,0.974,0.589,new
Libreoffice_new_2,LR_new,Libreoffice,0.362,0.931,0.398,new
Libreoffice_new_2,LGBM_new,Libreoffice,0.479,0.955,0.513,new
Libreoffice_new_2,ET_new,Libreoffice,0.581,0.976,0.577,new
Libreoffice_new_3,ibea_new,Libreoffice,0.635473713,0.974973712,0.654069767,new
Libreoffice_new_3,DT_new,Libreoffice,0.371,0.899,0.392,new
Libreoffice_new_3,RF_new,Libreoffice,0.571,0.969,0.6,new
Libreoffice_new_3,LR_new,Libreoffice,0.318,0.898,0.355,new
Libreoffice_new_3,LGBM_new,Libreoffice,0.496,0.95,0.531,new
Libreoffice_new_3,ET_new,Libreoffice,0.613,0.975,0.615,new
Libreoffice_new_3,ibea_new,Libreoffice,0.633726276,0.97557908,0.645357686,new
Libreoffice_new_3,DT_new,Libreoffice,0.469,0.947,0.506,new
Libreoffice_new_3,RF_new,Libreoffice,0.558,0.968,0.588,new
Libreoffice_new_3,LR_new,Libreoffice,0.318,0.898,0.355,new
Libreoffice_new_3,LGBM_new,Libreoffice,0.496,0.95,0.531,new
Libreoffice_new_3,ET_new,Libreoffice,0.626,0.976,0.628,new
Libreoffice_new_3,ibea_new,Libreoffice,0.63236578,0.975471698,0.6443769,new
Libreoffice_new_3,DT_new,Libreoffice,0.469,0.947,0.506,new
Libreoffice_new_3,RF_new,Libreoffice,0.569,0.969,0.598,new
Libreoffice_new_3,LR_new,Libreoffice,0.318,0.898,0.355,new
Libreoffice_new_3,LGBM_new,Libreoffice,0.496,0.95,0.531,new
Libreoffice_new_3,ET_new,Libreoffice,0.622,0.975,0.625,new
Libreoffice_new_3,ibea_new,Libreoffice,0.622484518,0.973087071,0.647302905,new
Libreoffice_new_3,DT_new,Libreoffice,0.469,0.947,0.506,new
Libreoffice_new_3,RF_new,Libreoffice,0.567,0.969,0.597,new
Libreoffice_new_3,LR_new,Libreoffice,0.318,0.898,0.355,new
Libreoffice_new_3,LGBM_new,Libreoffice,0.496,0.95,0.531,new
Libreoffice_new_3,ET_new,Libreoffice,0.623,0.975,0.628,new
Libreoffice_new_3,ibea_new,Libreoffice,0.63236578,0.975471698,0.6443769,new
Libreoffice_new_3,DT_new,Libreoffice,0.454,0.944,0.492,new
Libreoffice_new_3,RF_new,Libreoffice,0.567,0.969,0.597,new
Libreoffice_new_3,LR_new,Libreoffice,0.318,0.898,0.355,new
Libreoffice_new_3,LGBM_new,Libreoffice,0.496,0.95,0.531,new
Libreoffice_new_3,ET_new,Libreoffice,0.624,0.976,0.627,new
Libreoffice_new_4,ibea_new,Libreoffice,0.689498899,0.98823768,0.654761905,new
Libreoffice_new_4,DT_new,Libreoffice,0.45,0.964,0.461,new
Libreoffice_new_4,RF_new,Libreoffice,0.626,0.986,0.626,new
Libreoffice_new_4,LR_new,Libreoffice,0.324,0.929,0.317,new
Libreoffice_new_4,LGBM_new,Libreoffice,0.544,0.977,0.563,new
Libreoffice_new_4,ET_new,Libreoffice,0.688,0.988,0.653,new
Libreoffice_new_4,ibea_new,Libreoffice,0.69639157,0.988419342,0.677966102,new
Libreoffice_new_4,DT_new,Libreoffice,0.351,0.924,0.33,new
Libreoffice_new_4,RF_new,Libreoffice,0.624,0.985,0.629,new
Libreoffice_new_4,LR_new,Libreoffice,0.324,0.929,0.317,new
Libreoffice_new_4,LGBM_new,Libreoffice,0.544,0.977,0.563,new
Libreoffice_new_4,ET_new,Libreoffice,0.688,0.988,0.653,new
Libreoffice_new_4,ibea_new,Libreoffice,0.700474694,0.988512758,0.686980609,new
Libreoffice_new_4,DT_new,Libreoffice,0.351,0.924,0.33,new
Libreoffice_new_4,RF_new,Libreoffice,0.628,0.985,0.632,new
Libreoffice_new_4,LR_new,Libreoffice,0.324,0.929,0.317,new
Libreoffice_new_4,LGBM_new,Libreoffice,0.544,0.977,0.563,new
Libreoffice_new_4,ET_new,Libreoffice,0.688,0.988,0.653,new
Libreoffice_new_4,ibea_new,Libreoffice,0.689498899,0.98823768,0.654761905,new
Libreoffice_new_4,DT_new,Libreoffice,0.351,0.924,0.33,new
Libreoffice_new_4,RF_new,Libreoffice,0.628,0.985,0.632,new
Libreoffice_new_4,LR_new,Libreoffice,0.324,0.929,0.317,new
Libreoffice_new_4,LGBM_new,Libreoffice,0.544,0.977,0.563,new
Libreoffice_new_4,ET_new,Libreoffice,0.688,0.988,0.653,new
Libreoffice_new_4,ibea_new,Libreoffice,0.689376976,0.988235294,0.656804734,new
Libreoffice_new_4,DT_new,Libreoffice,0.316,0.937,0.321,new
Libreoffice_new_4,RF_new,Libreoffice,0.62,0.985,0.626,new
Libreoffice_new_4,LR_new,Libreoffice,0.324,0.929,0.317,new
Libreoffice_new_4,LGBM_new,Libreoffice,0.544,0.977,0.563,new
Libreoffice_new_4,ET_new,Libreoffice,0.688,0.988,0.653,new
Libreoffice_old_0,ibea_old,Libreoffice,0.57613824,0.970461474,0.589781022,old
Libreoffice_old_0,DT_old,Libreoffice,0.357,0.886,0.383,old
Libreoffice_old_0,RF_old,Libreoffice,0.476,0.953,0.52,old
Libreoffice_old_0,LR_old,Libreoffice,0.347,0.913,0.393,old
Libreoffice_old_0,LGBM_old,Libreoffice,0.409,0.923,0.446,old
Libreoffice_old_0,ET_old,Libreoffice,0.481,0.957,0.523,old
Libreoffice_old_0,ibea_old,Libreoffice,0.588943388,0.971182162,0.602898551,old
Libreoffice_old_0,DT_old,Libreoffice,0.355,0.886,0.382,old
Libreoffice_old_0,RF_old,Libreoffice,0.466,0.951,0.511,old
Libreoffice_old_0,LR_old,Libreoffice,0.347,0.913,0.393,old
Libreoffice_old_0,LGBM_old,Libreoffice,0.409,0.923,0.446,old
Libreoffice_old_0,ET_old,Libreoffice,0.466,0.956,0.51,old
Libreoffice_old_0,ibea_old,Libreoffice,0.580627832,0.971386647,0.584474886,old
Libreoffice_old_0,DT_old,Libreoffice,0.355,0.886,0.382,old
Libreoffice_old_0,RF_old,Libreoffice,0.469,0.952,0.514,old
Libreoffice_old_0,LR_old,Libreoffice,0.347,0.913,0.393,old
Libreoffice_old_0,LGBM_old,Libreoffice,0.409,0.923,0.446,old
Libreoffice_old_0,ET_old,Libreoffice,0.466,0.955,0.51,old
Libreoffice_old_0,ibea_old,Libreoffice,0.573059497,0.971099476,0.574074074,old
Libreoffice_old_0,DT_old,Libreoffice,0.357,0.886,0.383,old
Libreoffice_old_0,RF_old,Libreoffice,0.468,0.952,0.512,old
Libreoffice_old_0,LR_old,Libreoffice,0.347,0.913,0.393,old
Libreoffice_old_0,LGBM_old,Libreoffice,0.409,0.923,0.446,old
Libreoffice_old_0,ET_old,Libreoffice,0.463,0.955,0.508,old
Libreoffice_old_0,ibea_old,Libreoffice,0.572183031,0.970378151,0.584070796,old
Libreoffice_old_0,DT_old,Libreoffice,0.355,0.886,0.382,old
Libreoffice_old_0,RF_old,Libreoffice,0.468,0.952,0.512,old
Libreoffice_old_0,LR_old,Libreoffice,0.347,0.913,0.393,old
Libreoffice_old_0,LGBM_old,Libreoffice,0.409,0.923,0.446,old
Libreoffice_old_0,ET_old,Libreoffice,0.471,0.956,0.515,old
Libreoffice_old_1,ibea_old,Libreoffice,0.553696787,0.974152192,0.524714829,old
Libreoffice_old_1,DT_old,Libreoffice,0.367,0.911,0.391,old
Libreoffice_old_1,RF_old,Libreoffice,0.465,0.959,0.505,old
Libreoffice_old_1,LR_old,Libreoffice,0.302,0.892,0.334,old
Libreoffice_old_1,LGBM_old,Libreoffice,0.408,0.934,0.441,old
Libreoffice_old_1,ET_old,Libreoffice,0.484,0.963,0.521,old
Libreoffice_old_1,ibea_old,Libreoffice,0.531902566,0.972625467,0.523465704,old
Libreoffice_old_1,DT_old,Libreoffice,0.367,0.911,0.391,old
Libreoffice_old_1,RF_old,Libreoffice,0.473,0.96,0.512,old
Libreoffice_old_1,LR_old,Libreoffice,0.302,0.892,0.334,old
Libreoffice_old_1,LGBM_old,Libreoffice,0.408,0.934,0.441,old
Libreoffice_old_1,ET_old,Libreoffice,0.497,0.965,0.532,old
Libreoffice_old_1,ibea_old,Libreoffice,0.531015909,0.973263136,0.493150685,old
Libreoffice_old_1,DT_old,Libreoffice,0.367,0.911,0.391,old
Libreoffice_old_1,RF_old,Libreoffice,0.463,0.959,0.503,old
Libreoffice_old_1,LR_old,Libreoffice,0.302,0.892,0.334,old
Libreoffice_old_1,LGBM_old,Libreoffice,0.408,0.934,0.441,old
Libreoffice_old_1,ET_old,Libreoffice,0.496,0.965,0.531,old
Libreoffice_old_1,ibea_old,Libreoffice,0.563409437,0.974697924,0.524271845,old
Libreoffice_old_1,DT_old,Libreoffice,0.367,0.911,0.391,old
Libreoffice_old_1,RF_old,Libreoffice,0.476,0.961,0.515,old
Libreoffice_old_1,LR_old,Libreoffice,0.302,0.892,0.334,old
Libreoffice_old_1,LGBM_old,Libreoffice,0.408,0.934,0.441,old
Libreoffice_old_1,ET_old,Libreoffice,0.494,0.965,0.529,old
Libreoffice_old_1,ibea_old,Libreoffice,0.526421222,0.972429519,0.516363636,old
Libreoffice_old_1,DT_old,Libreoffice,0.367,0.911,0.391,old
Libreoffice_old_1,RF_old,Libreoffice,0.468,0.96,0.507,old
Libreoffice_old_1,LR_old,Libreoffice,0.302,0.892,0.334,old
Libreoffice_old_1,LGBM_old,Libreoffice,0.408,0.934,0.441,old
Libreoffice_old_1,ET_old,Libreoffice,0.488,0.964,0.524,old
Libreoffice_old_2,ibea_old,Libreoffice,0.605808616,0.977206797,0.597069597,old
Libreoffice_old_2,DT_old,Libreoffice,0.396,0.92,0.414,old
Libreoffice_old_2,RF_old,Libreoffice,0.533,0.967,0.566,old
Libreoffice_old_2,LR_old,Libreoffice,0.281,0.887,0.312,old
Libreoffice_old_2,LGBM_old,Libreoffice,0.455,0.946,0.484,old
Libreoffice_old_2,ET_old,Libreoffice,0.533,0.97,0.561,old
Libreoffice_old_2,ibea_old,Libreoffice,0.602132212,0.977249224,0.583333333,old
Libreoffice_old_2,DT_old,Libreoffice,0.396,0.92,0.414,old
Libreoffice_old_2,RF_old,Libreoffice,0.534,0.967,0.566,old
Libreoffice_old_2,LR_old,Libreoffice,0.281,0.887,0.312,old
Libreoffice_old_2,LGBM_old,Libreoffice,0.455,0.946,0.484,old
Libreoffice_old_2,ET_old,Libreoffice,0.535,0.97,0.563,old
Libreoffice_old_2,ibea_old,Libreoffice,0.607603274,0.977312753,0.598165138,old
Libreoffice_old_2,DT_old,Libreoffice,0.396,0.92,0.414,old
Libreoffice_old_2,RF_old,Libreoffice,0.535,0.967,0.568,old
Libreoffice_old_2,LR_old,Libreoffice,0.281,0.887,0.312,old
Libreoffice_old_2,LGBM_old,Libreoffice,0.455,0.946,0.484,old
Libreoffice_old_2,ET_old,Libreoffice,0.537,0.97,0.565,old
Libreoffice_old_2,ibea_old,Libreoffice,0.609411397,0.977418687,0.599264706,old
Libreoffice_old_2,DT_old,Libreoffice,0.396,0.92,0.414,old
Libreoffice_old_2,RF_old,Libreoffice,0.534,0.967,0.567,old
Libreoffice_old_2,LR_old,Libreoffice,0.281,0.887,0.312,old
Libreoffice_old_2,LGBM_old,Libreoffice,0.455,0.946,0.484,old
Libreoffice_old_2,ET_old,Libreoffice,0.54,0.971,0.567,old
Libreoffice_old_2,ibea_old,Libreoffice,0.608431209,0.976473038,0.618243243,old
Libreoffice_old_2,DT_old,Libreoffice,0.396,0.92,0.414,old
Libreoffice_old_2,RF_old,Libreoffice,0.535,0.967,0.568,old
Libreoffice_old_2,LR_old,Libreoffice,0.281,0.887,0.312,old
Libreoffice_old_2,LGBM_old,Libreoffice,0.455,0.946,0.484,old
Libreoffice_old_2,ET_old,Libreoffice,0.536,0.97,0.564,old
Libreoffice_old_3,ibea_old,Libreoffice,0.593106124,0.972017673,0.615606936,old
Libreoffice_old_3,DT_old,Libreoffice,0.403,0.922,0.432,old
Libreoffice_old_3,RF_old,Libreoffice,0.551,0.965,0.585,old
Libreoffice_old_3,LR_old,Libreoffice,0.283,0.882,0.323,old
Libreoffice_old_3,LGBM_old,Libreoffice,0.455,0.945,0.493,old
Libreoffice_old_3,ET_old,Libreoffice,0.577,0.97,0.605,old
Libreoffice_old_3,ibea_old,Libreoffice,0.610242958,0.974471647,0.61875,old
Libreoffice_old_3,DT_old,Libreoffice,0.403,0.922,0.432,old
Libreoffice_old_3,RF_old,Libreoffice,0.545,0.965,0.58,old
Libreoffice_old_3,LR_old,Libreoffice,0.283,0.882,0.323,old
Libreoffice_old_3,LGBM_old,Libreoffice,0.455,0.945,0.493,old
Libreoffice_old_3,ET_old,Libreoffice,0.582,0.97,0.61,old
Libreoffice_old_3,ibea_old,Libreoffice,0.617265261,0.975253211,0.618357488,old
Libreoffice_old_3,DT_old,Libreoffice,0.403,0.922,0.432,old
Libreoffice_old_3,RF_old,Libreoffice,0.55,0.965,0.585,old
Libreoffice_old_3,LR_old,Libreoffice,0.283,0.882,0.323,old
Libreoffice_old_3,LGBM_old,Libreoffice,0.455,0.945,0.493,old
Libreoffice_old_3,ET_old,Libreoffice,0.575,0.969,0.605,old
Libreoffice_old_3,ibea_old,Libreoffice,0.609297029,0.973885684,0.624434389,old
Libreoffice_old_3,DT_old,Libreoffice,0.403,0.922,0.432,old
Libreoffice_old_3,RF_old,Libreoffice,0.554,0.966,0.589,old
Libreoffice_old_3,LR_old,Libreoffice,0.283,0.882,0.323,old
Libreoffice_old_3,LGBM_old,Libreoffice,0.455,0.945,0.493,old
Libreoffice_old_3,ET_old,Libreoffice,0.572,0.969,0.601,old
Libreoffice_old_3,ibea_old,Libreoffice,0.599254341,0.973493976,0.612557427,old
Libreoffice_old_3,DT_old,Libreoffice,0.403,0.922,0.432,old
Libreoffice_old_3,RF_old,Libreoffice,0.553,0.966,0.588,old
Libreoffice_old_3,LR_old,Libreoffice,0.283,0.882,0.323,old
Libreoffice_old_3,LGBM_old,Libreoffice,0.455,0.945,0.493,old
Libreoffice_old_3,ET_old,Libreoffice,0.582,0.97,0.61,old
Libreoffice_old_4,ibea_old,Libreoffice,0.68628888,0.988137484,0.650746269,old
Libreoffice_old_4,DT_old,Libreoffice,0.343,0.935,0.337,old
Libreoffice_old_4,RF_old,Libreoffice,0.532,0.979,0.553,old
Libreoffice_old_4,LR_old,Libreoffice,0.285,0.92,0.283,old
Libreoffice_old_4,LGBM_old,Libreoffice,0.411,0.96,0.422,old
Libreoffice_old_4,ET_old,Libreoffice,0.573,0.983,0.588,old
Libreoffice_old_4,ibea_old,Libreoffice,0.662171227,0.987305778,0.643874644,old
Libreoffice_old_4,DT_old,Libreoffice,0.343,0.935,0.337,old
Libreoffice_old_4,RF_old,Libreoffice,0.53,0.979,0.551,old
Libreoffice_old_4,LR_old,Libreoffice,0.286,0.921,0.283,old
Libreoffice_old_4,LGBM_old,Libreoffice,0.411,0.96,0.422,old
Libreoffice_old_4,ET_old,Libreoffice,0.575,0.983,0.589,old
Libreoffice_old_4,ibea_old,Libreoffice,0.683065073,0.988037307,0.646706587,old
Libreoffice_old_4,DT_old,Libreoffice,0.343,0.935,0.337,old
Libreoffice_old_4,RF_old,Libreoffice,0.521,0.978,0.543,old
Libreoffice_old_4,LR_old,Libreoffice,0.286,0.92,0.283,old
Libreoffice_old_4,LGBM_old,Libreoffice,0.411,0.96,0.422,old
Libreoffice_old_4,ET_old,Libreoffice,0.575,0.983,0.589,old
Libreoffice_old_4,ibea_old,Libreoffice,0.68628888,0.988137484,0.650746269,old
Libreoffice_old_4,DT_old,Libreoffice,0.343,0.935,0.337,old
Libreoffice_old_4,RF_old,Libreoffice,0.522,0.978,0.544,old
Libreoffice_old_4,LR_old,Libreoffice,0.286,0.92,0.283,old
Libreoffice_old_4,LGBM_old,Libreoffice,0.411,0.96,0.422,old
Libreoffice_old_4,ET_old,Libreoffice,0.572,0.983,0.585,old
Libreoffice_old_4,ibea_old,Libreoffice,0.67967703,0.987927361,0.651026393,old
Libreoffice_old_4,DT_old,Libreoffice,0.343,0.935,0.337,old
Libreoffice_old_4,RF_old,Libreoffice,0.523,0.978,0.545,old
Libreoffice_old_4,LR_old,Libreoffice,0.285,0.92,0.282,old
Libreoffice_old_4,LGBM_old,Libreoffice,0.411,0.96,0.422,old
Libreoffice_old_4,ET_old,Libreoffice,0.573,0.983,0.588,old
